<?xml version="1.0" encoding="utf-8" ?>
<dwsync>
<file name="ionic.scss" server="ftp.davideugenepratt.com/public_html/group-effort/" local="130652344240000000" remote="130877106000000000" Dst="2" />
<file name="_action-sheet.scss" server="ftp.davideugenepratt.com/public_html/group-effort/" local="130652344240000000" remote="130877106000000000" Dst="2" />
<file name="_animations.scss" server="ftp.davideugenepratt.com/public_html/group-effort/" local="130652344240000000" remote="130877106000000000" Dst="2" />
<file name="_backdrop.scss" server="ftp.davideugenepratt.com/public_html/group-effort/" local="130652344240000000" remote="130877106000000000" Dst="2" />
<file name="_badge.scss" server="ftp.davideugenepratt.com/public_html/group-effort/" local="130652344240000000" remote="130877106000000000" Dst="2" />
<file name="_bar.scss" server="ftp.davideugenepratt.com/public_html/group-effort/" local="130652344240000000" remote="130877106000000000" Dst="2" />
<file name="_button-bar.scss" server="ftp.davideugenepratt.com/public_html/group-effort/" local="130652344240000000" remote="130877106000000000" Dst="2" />
<file name="_button.scss" server="ftp.davideugenepratt.com/public_html/group-effort/" local="130652344240000000" remote="130877106000000000" Dst="2" />
<file name="_checkbox.scss" server="ftp.davideugenepratt.com/public_html/group-effort/" local="130652344240000000" remote="130877106000000000" Dst="2" />
<file name="_form.scss" server="ftp.davideugenepratt.com/public_html/group-effort/" local="130652344240000000" remote="130877106000000000" Dst="2" />
<file name="_grid.scss" server="ftp.davideugenepratt.com/public_html/group-effort/" local="130652344240000000" remote="130877106000000000" Dst="2" />
<file name="_items.scss" server="ftp.davideugenepratt.com/public_html/group-effort/" local="130652344240000000" remote="130877106000000000" Dst="2" />
<file name="_list.scss" server="ftp.davideugenepratt.com/public_html/group-effort/" local="130652344240000000" remote="130877106000000000" Dst="2" />
<file name="_loading.scss" server="ftp.davideugenepratt.com/public_html/group-effort/" local="130652344240000000" remote="130877106000000000" Dst="2" />
<file name="_menu.scss" server="ftp.davideugenepratt.com/public_html/group-effort/" local="130652344240000000" remote="130877106000000000" Dst="2" />
<file name="_modal.scss" server="ftp.davideugenepratt.com/public_html/group-effort/" local="130652344240000000" remote="130877106000000000" Dst="2" />
<file name="_mixins.scss" server="ftp.davideugenepratt.com/public_html/group-effort/" local="130652344240000000" remote="130877106000000000" Dst="2" />
<file name="_platform.scss" server="ftp.davideugenepratt.com/public_html/group-effort/" local="130652344240000000" remote="130877106000000000" Dst="2" />
<file name="_popover.scss" server="ftp.davideugenepratt.com/public_html/group-effort/" local="130652344240000000" remote="130877106000000000" Dst="2" />
<file name="_popup.scss" server="ftp.davideugenepratt.com/public_html/group-effort/" local="130652344240000000" remote="130877106000000000" Dst="2" />
<file name="_progress.scss" server="ftp.davideugenepratt.com/public_html/group-effort/" local="130652344240000000" remote="130877106000000000" Dst="2" />
<file name="_radio.scss" server="ftp.davideugenepratt.com/public_html/group-effort/" local="130652344240000000" remote="130877106600000000" Dst="2" />
<file name="_range.scss" server="ftp.davideugenepratt.com/public_html/group-effort/" local="130652344240000000" remote="130877106600000000" Dst="2" />
<file name="_reset.scss" server="ftp.davideugenepratt.com/public_html/group-effort/" local="130652344240000000" remote="130877106600000000" Dst="2" />
<file name="_scaffolding.scss" server="ftp.davideugenepratt.com/public_html/group-effort/" local="130652344240000000" remote="130877106600000000" Dst="2" />
<file name="_select.scss" server="ftp.davideugenepratt.com/public_html/group-effort/" local="130652344240000000" remote="130877106600000000" Dst="2" />
<file name="_slide-box.scss" server="ftp.davideugenepratt.com/public_html/group-effort/" local="130652344240000000" remote="130877106600000000" Dst="2" />
<file name="_tabs.scss" server="ftp.davideugenepratt.com/public_html/group-effort/" local="130652344240000000" remote="130877106600000000" Dst="2" />
<file name="_toggle.scss" server="ftp.davideugenepratt.com/public_html/group-effort/" local="130652344240000000" remote="130877106600000000" Dst="2" />
<file name="_transitions.scss" server="ftp.davideugenepratt.com/public_html/group-effort/" local="130652344240000000" remote="130877106600000000" Dst="2" />
<file name="_type.scss" server="ftp.davideugenepratt.com/public_html/group-effort/" local="130652344240000000" remote="130877106600000000" Dst="2" />
<file name="_util.scss" server="ftp.davideugenepratt.com/public_html/group-effort/" local="130652344240000000" remote="130877106600000000" Dst="2" />
<file name="_variables.scss" server="ftp.davideugenepratt.com/public_html/group-effort/" local="130652344240000000" remote="130877106600000000" Dst="2" />
</dwsync>