<?xml version="1.0" encoding="utf-8" ?>
<dwsync>
<file name="angular-animate.min.js" server="ftp.davideugenepratt.com/public_html/group-effort/" local="130652344240000000" remote="130877105400000000" Dst="2" />
<file name="angular-resource.js" server="ftp.davideugenepratt.com/public_html/group-effort/" local="130652344240000000" remote="130877106000000000" Dst="2" />
<file name="angular-resource.min.js" server="ftp.davideugenepratt.com/public_html/group-effort/" local="130652344240000000" remote="130877106000000000" Dst="2" />
<file name="angular-animate.js" server="ftp.davideugenepratt.com/public_html/group-effort/" local="130652344240000000" remote="130877105400000000" Dst="2" />
<file name="angular-sanitize.min.js" server="ftp.davideugenepratt.com/public_html/group-effort/" local="130652344240000000" remote="130877106000000000" Dst="2" />
<file name="angular-sanitize.js" server="ftp.davideugenepratt.com/public_html/group-effort/" local="130652344240000000" remote="130877106000000000" Dst="2" />
<file name="angular.min.js" server="ftp.davideugenepratt.com/public_html/group-effort/" local="130652344240000000" remote="130877106000000000" Dst="2" />
<file name="angular.js" server="ftp.davideugenepratt.com/public_html/group-effort/" local="130652344240000000" remote="130877106000000000" Dst="2" />
</dwsync>